library_branch,date,author,title,transaction
Ballyfermot Civic Centre Library Service,01/11/2012,Roberts Nora,Without a trace,ISSU
Ballyfermot Civic Centre Library Service,01/11/2012,Roberts Nora,Search,ISSU
Ballyfermot Civic Centre Library Service,01/11/2012,Bateman Colin,Day of the Jack Russell,RENW
Ballyfermot Civic Centre Library Service,01/11/2012,Dolan Harry,Bad things happen,ISSU
Ballyfermot Civic Centre Library Service,01/11/2012,Donohue Keith,Angels of destruction,ISSU
Ballyfermot Civic Centre Library Service,01/11/2012,Child Lee,Nothing to lose,ISSU
Ballyfermot Civic Centre Library Service,01/11/2012,Grace-Cassidy Caroline,When love takes over,RENW
Ballyfermot Civic Centre Library Service,01/11/2012,Allan Claire,Rainy days and Tuesdays,RENW
Ballyfermot Civic Centre Library Service,01/11/2012,Jackson Michelle,4 am in Las Vegas,RENW
Ballyfermot Civic Centre Library Service,01/11/2012,O'Sullivan Mary,Under the rainbow,RENW
Ballyfermot Civic Centre Library Service,01/11/2012,O'Driscoll Mairead,Moment in time,RENW
Ballyfermot Civic Centre Library Service,01/11/2012,Fowler Christopher,Bryant and May and the invisible code,RENW
Ballyfermot Civic Centre Library Service,01/11/2012,O'Dowd Derry,Scarlet ribbon,ISSU
Ballyfermot Civic Centre Library Service,01/11/2012,Littlewood Alison,Cold season,ISSU
Ballyfermot Civic Centre Library Service,01/11/2012,Genova Lisa,Left neglected,ISSU
Ballyfermot Civic Centre Library Service,01/11/2012,Walker Sue,Burning,ISSU
Ballyfermot Civic Centre Library Service,01/11/2012,Donoghue Emma,Room a novel,RENW
Ballyfermot Civic Centre Library Service,01/11/2012,Mann Don,Hunt the wolf,ISSU
Ballyfermot Civic Centre Library Service,01/11/2012,Johnstone Douglas,Hit and run,ISSU
Ballyfermot Civic Centre Library Service,01/11/2012,Nesbo Jo,Phantom,ISSU
Ballyfermot Civic Centre Library Service,01/11/2012,Hunter Stephen,Soft target,ISSU
Ballyfermot Civic Centre Library Service,01/11/2012,Mooney Chris,Killing house,RENW
Ballyfermot Civic Centre Library Service,01/11/2012,Kerrigan Gene,Dark times in the city,RENW
Ballyfermot Civic Centre Library Service,01/11/2012,Dobyns Stephen,Church of dead girls,ISSU
Ballyfermot Civic Centre Library Service,01/11/2012,Smith Roger,Mixed blood,ISSU
Ballyfermot Civic Centre Library Service,01/11/2012,Trevor William,Love and summer,ISSU
Ballyfermot Civic Centre Library Service,01/11/2012,Hill Casey,Torn,ISSU
Ballyfermot Civic Centre Library Service,01/11/2012,Mosby Steve,Dark room,ISSU
Ballyfermot Civic Centre Library Service,01/11/2012,Box J. C.,Cold wind,ISSU
Ballyfermot Civic Centre Library Service,01/11/2012,Box C. J.,Open season,ISSU
Ballyfermot Civic Centre Library Service,01/11/2012,Crais Robert,Taken,ISSU
Ballyfermot Civic Centre Library Service,01/11/2012,Patterson James,Alex Cross's trial,ISSU
Ballyfermot Civic Centre Library Service,01/11/2012,Vlautin Willy,Lean on Pete a novel,RENW
Ballyfermot Civic Centre Library Service,01/11/2012,Goodwin Rosie,Yesterday's shadows,RENW
Ballyfermot Civic Centre Library Service,01/11/2012,Ward J. R.,Rapture,ISSU
Ballyfermot Civic Centre Library Service,01/11/2012,Eugenides Jeffrey,Middlesex,ISSU
Ballyfermot Civic Centre Library Service,01/11/2012,Cottam Francis,Resident,ISSU
Ballyfermot Civic Centre Library Service,01/11/2012,Hunt Arlene,Chosen,ISSU
Ballyfermot Civic Centre Library Service,01/11/2012,Larke Glenda,Last stormlord,ISSU
Ballyfermot Civic Centre Library Service,01/11/2012,Alec Wendy,Fall of Lucifer,ISSU
Ballyfermot Civic Centre Library Service,01/11/2012,Sykes Sam,Tome of the Undergates,ISSU
Ballyfermot Civic Centre Library Service,01/11/2012,Thompson Neville,Jackie loves Johnser OK?,ISSU
Ballyfermot Civic Centre Library Service,01/11/2012,Ahern Cecelia,Book of tomorrow,ISSU
Ballyfermot Civic Centre Library Service,01/11/2012,Kelly Cathy,Once in a lifetime,ISSU
Ballyfermot Civic Centre Library Service,02/11/2012,Ishiguro Kazuo,When we were orphans,ISSU
Ballyfermot Civic Centre Library Service,02/11/2012,Pearse Lesley,Promise,RENW
Ballyfermot Civic Centre Library Service,02/11/2012,McCabe Kate,Forever friends,RENW
Ballyfermot Civic Centre Library Service,02/11/2012,Crowe Alex,In the dead of night,ISSU
Ballyfermot Civic Centre Library Service,02/11/2012,Moore Graham,Holmes affair,ISSU
Ballyfermot Civic Centre Library Service,02/11/2012,Heatherington Emma,All over again,ISSU
Ballyfermot Civic Centre Library Service,02/11/2012,Williams Amanda Kyle,Stranger you see,ISSU
Ballyfermot Civic Centre Library Service,02/11/2012,Thorpe Adam,Flight,ISSU
Ballyfermot Civic Centre Library Service,02/11/2012,Lennox Judith,Turning point,ISSU
Ballyfermot Civic Centre Library Service,02/11/2012,Creed Adam,Pain of death,ISSU
Ballyfermot Civic Centre Library Service,02/11/2012,Fforde Katie,Perfect proposal,ISSU
Ballyfermot Civic Centre Library Service,02/11/2012,James P. D.,Death comes to Pemberley,ISSU
Ballyfermot Civic Centre Library Service,02/11/2012,Robb J. D.,Celebrity in death,ISSU
Ballyfermot Civic Centre Library Service,02/11/2012,Patterson James,Private no. 1 suspect,ISSU
Ballyfermot Civic Centre Library Service,02/11/2012,Marklund Liza,Exposed,RENW
Ballyfermot Civic Centre Library Service,02/11/2012,Humbert Fabrice,Origins of violence,ISSU
Ballyfermot Civic Centre Library Service,02/11/2012,Graham Heather,Dead room,ISSU
Ballyfermot Civic Centre Library Service,02/11/2012,Kernick Simon,Last 10 seconds,ISSU
Ballyfermot Civic Centre Library Service,02/11/2012,Lawson Michael,Dead man's list,ISSU
Ballyfermot Civic Centre Library Service,02/11/2012,Leather Stephen,False friends,ISSU
Ballyfermot Civic Centre Library Service,02/11/2012,Hyatt Sandra,Revealed: his secret child,ISSU
Ballyfermot Civic Centre Library Service,02/11/2012,James Melissa,His princess in the making,ISSU
Ballyfermot Civic Centre Library Service,02/11/2012,Jordan Penny,Passion and the prince,ISSU
Ballyfermot Civic Centre Library Service,02/11/2012,Macomber Debbie,Manning brides,RENW
Ballyfermot Civic Centre Library Service,02/11/2012,Conlon-McKenna Marita,Promised land,RENW
Ballyfermot Civic Centre Library Service,02/11/2012,Trollope Joanna,Other family,RENW
Ballyfermot Civic Centre Library Service,02/11/2012,Roberts Nora,Born in shame,RENW
Ballyfermot Civic Centre Library Service,02/11/2012,Woulfe Nuala,Two to tango,RENW
Ballyfermot Civic Centre Library Service,02/11/2012,Miller Zoe,Family scandal,RENW
Ballyfermot Civic Centre Library Service,02/11/2012,Roberts Nora,Black Hills,RENW
Ballyfermot Civic Centre Library Service,02/11/2012,Kerrigan Kate,City of hope,ISSU
Ballyfermot Civic Centre Library Service,02/11/2012,Mann Jessica,Mystery writer,ISSU
Ballyfermot Civic Centre Library Service,02/11/2012,Singh Nalini,Hostage to pleasure,RENW
Ballyfermot Civic Centre Library Service,02/11/2012,Haddon Mark,Curious incident of the dog in the night-time,ISSU
Ballyfermot Civic Centre Library Service,02/11/2012,O'Carroll Brendan,Chisellers,RENW
Ballyfermot Civic Centre Library Service,02/11/2012,Roberts Nora,Gabriel's angel,RENW
Ballyfermot Civic Centre Library Service,02/11/2012,Wambaugh Joseph,Hollywood Moon,ISSU
Ballyfermot Civic Centre Library Service,02/11/2012,Wambaugh Joseph,Hollywood crows,ISSU
Ballyfermot Civic Centre Library Service,02/11/2012,Wambaugh Joseph,Hollywood Moon,ISSU
Ballyfermot Civic Centre Library Service,02/11/2012,Wambaugh Joseph,Hollywood crows,ISSU
Ballyfermot Civic Centre Library Service,02/11/2012,O'Connor Joseph,Where have you been? stories and a novella,ISSU
Ballyfermot Civic Centre Library Service,02/11/2012,Moyes Jojo,Girl you left behind,ISSU
Ballyfermot Civic Centre Library Service,02/11/2012,Laymon Richard,Beast house trilogy,RENW
Ballyfermot Civic Centre Library Service,02/11/2012,O'Brien Edna,Country girls,RENW
Ballyfermot Civic Centre Library Service,02/11/2012,Coben Harlan,Caught,ISSU
Ballyfermot Civic Centre Library Service,02/11/2012,Dekker Ted,Bride collector,ISSU
Ballyfermot Civic Centre Library Service,02/11/2012,Castillo Linda,Breaking silence,ISSU
Ballyfermot Civic Centre Library Service,02/11/2012,Roberts Nora,Waiting for Nick,RENW
Ballyfermot Civic Centre Library Service,02/11/2012,Picoult Jodi,Harvesting the heart,RENW
Ballyfermot Civic Centre Library Service,02/11/2012,Clark Mary Jane,Nobody knows,RENW
Ballyfermot Civic Centre Library Service,02/11/2012,Moyes Jojo,Girl you left behind,RENW
Ballyfermot Civic Centre Library Service,02/11/2012,Patterson James,Now you see her,ISSU
Ballyfermot Civic Centre Library Service,02/11/2012,Patterson James,Postcard killers,ISSU
Ballyfermot Civic Centre Library Service,02/11/2012,Neville Stuart,Stolen souls,ISSU
Ballyfermot Civic Centre Library Service,03/11/2012,Kelman Stephen,Pigeon English,RENW
Ballyfermot Civic Centre Library Service,03/11/2012,Barr Emily,Perfect lie,RENW
Ballyfermot Civic Centre Library Service,03/11/2012,Dunn Matt,Accidental proposal,ISSU
Ballyfermot Civic Centre Library Service,03/11/2012,Trigiani Adriana,Queen of the big time,ISSU
Ballyfermot Civic Centre Library Service,03/11/2012,Billingham Mark,Good as dead,ISSU
Ballyfermot Civic Centre Library Service,03/11/2012,Bolton Adeline,Killing reprisal,ISSU
Ballyfermot Civic Centre Library Service,03/11/2012,Bolton S. J.,Blood harvest,ISSU
Ballyfermot Civic Centre Library Service,03/11/2012,Barclay Linwood,Accident,ISSU
Ballyfermot Civic Centre Library Service,03/11/2012,Barr Emily,First wife,ISSU
Ballyfermot Civic Centre Library Service,03/11/2012,Black Sean,Gridlock,ISSU
Ballyfermot Civic Centre Library Service,03/11/2012,Box C. J.,Force of nature,ISSU
Ballyfermot Civic Centre Library Service,03/11/2012,Box C. J.,Back of beyond,ISSU
Ballyfermot Civic Centre Library Service,03/11/2012,Baldacci David,Saving Faith,ISSU
Ballyfermot Civic Centre Library Service,03/11/2012,Barclay Linwood,Never look away,ISSU
Ballyfermot Civic Centre Library Service,03/11/2012,Koryta Michael,So cold the river,ISSU
Ballyfermot Civic Centre Library Service,03/11/2012,La Plante Lynda,Blind fury,ISSU
Ballyfermot Civic Centre Library Service,03/11/2012,Lewis Susan,French affair,ISSU
Ballyfermot Civic Centre Library Service,03/11/2012,Lewis Susan,Losing you,ISSU
Ballyfermot Civic Centre Library Service,03/11/2012,Young Donna,"Secret agent, secret father",ISSU
Ballyfermot Civic Centre Library Service,03/11/2012,Taylor Jennifer,Dr Ferrero's baby secret,ISSU
Ballyfermot Civic Centre Library Service,03/11/2012,Stephens Susan,Argentinian's solace,ISSU
Ballyfermot Civic Centre Library Service,03/11/2012, ,Mistress for a week-end,ISSU
Ballyfermot Civic Centre Library Service,03/11/2012,Cook Thomas H.,Mortal memory,ISSU
Ballyfermot Civic Centre Library Service,03/11/2012,Fossum Karin,In the darkness,ISSU
Ballyfermot Civic Centre Library Service,03/11/2012,Moore Syd,Witch hunt,ISSU
Ballyfermot Civic Centre Library Service,03/11/2012,Barrington James,Manhunt,RENW
Ballyfermot Civic Centre Library Service,03/11/2012,Berry Steve,Jefferson key,ISSU
Ballyfermot Civic Centre Library Service,03/11/2012,Billingham Mark,From the dead,ISSU
Ballyfermot Civic Centre Library Service,03/11/2012,Rendell Ruth,Vault,ISSU
Ballyfermot Civic Centre Library Service,03/11/2012,Lewis Susan,No child of mine,ISSU
Ballyfermot Civic Centre Library Service,03/11/2012,Edwardon Ake,Sail of stone,ISSU
Ballyfermot Civic Centre Library Service,03/11/2012,Courtenay Christina,Silent touch of shadows,ISSU
Ballyfermot Civic Centre Library Service,03/11/2012,Brown Sandra,Low pressure,ISSU
Ballyfermot Civic Centre Library Service,03/11/2012,Patterson James,Private London,ISSU
Ballyfermot Civic Centre Library Service,03/11/2012,Finnigan Judy,Eloise,ISSU
Ballyfermot Civic Centre Library Service,03/11/2012,Baldacci David,Stone cold,ISSU
Ballyfermot Civic Centre Library Service,03/11/2012,Beaton M. C.,Death of a maid,ISSU
Ballyfermot Civic Centre Library Service,03/11/2012,Ings Simon,Dead water,ISSU
Ballyfermot Civic Centre Library Service,03/11/2012,Dryden Alex,Death in Siberia,ISSU
Ballyfermot Civic Centre Library Service,03/11/2012,Ludlum Robert,Robert Ludlum's The Janson Command,ISSU
Ballyfermot Civic Centre Library Service,03/11/2012,Coonts Stephen,Sea witch,ISSU
Ballyfermot Civic Centre Library Service,03/11/2012,Gimenez Mark,Governor's wife,ISSU
Ballyfermot Civic Centre Library Service,03/11/2012,Miller Zoe,Rival passions,RENW
Ballyfermot Civic Centre Library Service,03/11/2012,Barr Emily,Backpack,RENW
Ballyfermot Civic Centre Library Service,03/11/2012, ,Pregnant by the Greek tycoon,ISSU
Ballyfermot Civic Centre Library Service,03/11/2012,Brooks Terry,Measure of the magic,ISSU
Ballyfermot Civic Centre Library Service,05/11/2012,O'Brien Edna,Country girls trilogy and epilogue,RENW
Ballyfermot Civic Centre Library Service,05/11/2012,Trevor William,Ballroom of Romance and other stories,RENW
Ballyfermot Civic Centre Library Service,05/11/2012,Pamuk Orhan,Silent house,ISSU
Ballyfermot Civic Centre Library Service,05/11/2012,Steel Danielle,Hotel Vendome,ISSU
Ballyfermot Civic Centre Library Service,05/11/2012,Steel Danielle,Family ties,ISSU
Ballyfermot Civic Centre Library Service,05/11/2012,Baldacci David,Zero day,ISSU
Ballyfermot Civic Centre Library Service,05/11/2012,Baldacci David,Sixth man,ISSU
Ballyfermot Civic Centre Library Service,05/11/2012,Francis Dick,Crossfire,ISSU
Ballyfermot Civic Centre Library Service,05/11/2012,Francis Felix,Bloodline   Dick Francis novel,ISSU
Ballyfermot Civic Centre Library Service,05/11/2012,Patterson James,Cross,ISSU
Ballyfermot Civic Centre Library Service,05/11/2012,Gale Iain,Alamein the turning point of World War Two,ISSU
Ballyfermot Civic Centre Library Service,05/11/2012,Holland James,Blood of honour,ISSU
Ballyfermot Civic Centre Library Service,05/11/2012,Jordan Hillary,When she woke,ISSU
Ballyfermot Civic Centre Library Service,05/11/2012,Lehane Dennis,Live by night,ISSU
Ballyfermot Civic Centre Library Service,05/11/2012,Millar Sam,Dead of winter,ISSU
Ballyfermot Civic Centre Library Service,05/11/2012,Kellerman Jesse,I'll catch you,ISSU
Ballyfermot Civic Centre Library Service,05/11/2012,Herbert James,Ash,ISSU
Ballyfermot Civic Centre Library Service,05/11/2012,Coben Harlan,Play dead,ISSU
Ballyfermot Civic Centre Library Service,05/11/2012,McGrath M. J.,Boy in the snow,ISSU
Ballyfermot Civic Centre Library Service,05/11/2012,Candlish Louise,Other people's secrets,RENW
Ballyfermot Civic Centre Library Service,05/11/2012,Howard Sandra,Ex-wives,RENW
Ballyfermot Civic Centre Library Service,05/11/2012,Markham Q. R.,Assassin of secrets,ISSU
Ballyfermot Civic Centre Library Service,06/11/2012,McDermid Val,Retribution,RENW
Ballyfermot Civic Centre Library Service,06/11/2012,O'Flanagan Sheila,Better together,RENW
Ballyfermot Civic Centre Library Service,06/11/2012,Hannigan Emma,Keeping mum,RENW
Ballyfermot Civic Centre Library Service,06/11/2012,McCarthy Mary,After the rain,ISSU
Ballyfermot Civic Centre Library Service,06/11/2012,O'Connor A.,House,ISSU
Ballyfermot Civic Centre Library Service,06/11/2012,Binchy Maeve,Minding Frankie,ISSU
Ballyfermot Civic Centre Library Service,06/11/2012,North Freya,Rumours,RENW
Ballyfermot Civic Centre Library Service,06/11/2012,Perry Tasmina,Private lives,RENW
Ballyfermot Civic Centre Library Service,06/11/2012,Pearse Lesley,Camellia,RENW
Ballyfermot Civic Centre Library Service,06/11/2012,Andrews Virginia,Delia's gift,RENW
Ballyfermot Civic Centre Library Service,06/11/2012,Notaro Anita,Moment like this,RENW
Ballyfermot Civic Centre Library Service,06/11/2012,Clay Heather,Losing Charlotte,RENW
Ballyfermot Civic Centre Library Service,06/11/2012,Andrews Virginia,Cloudburst,RENW
Ballyfermot Civic Centre Library Service,06/11/2012,Pratchett Terry,Blink of the screen collected short fiction,ISSU
Ballyfermot Civic Centre Library Service,06/11/2012,Russo Richard,Empire Falls,ISSU
Ballyfermot Civic Centre Library Service,06/11/2012,Connelly Michael,Drop,RENW
Ballyfermot Civic Centre Library Service,06/11/2012,Roberts Nora,Hazy summer nights,ISSU
Ballyfermot Civic Centre Library Service,06/11/2012,Levene Louise,Vision of loveliness,RENW
Ballyfermot Civic Centre Library Service,06/11/2012,Giffin Emily,Heart of the matter,RENW
Ballyfermot Civic Centre Library Service,06/11/2012,Laurens Stephanie,Taste of innocence,ISSU
Ballyfermot Civic Centre Library Service,06/11/2012,Roberts Nora,Art of deception,ISSU
Ballyfermot Civic Centre Library Service,06/11/2012,McDermid Val,Darker domain,RENW
Ballyfermot Civic Centre Library Service,06/11/2012,Chamberlain Diane,Lost daughter,ISSU
Ballyfermot Civic Centre Library Service,06/11/2012,Neville Stuart,Twelve,ISSU
Ballyfermot Civic Centre Library Service,07/11/2012,McCarthy Ellen,Silent Crossing,ISSU
Ballyfermot Civic Centre Library Service,07/11/2012,Kellerman Faye,Blindman's bluff,ISSU
Ballyfermot Civic Centre Library Service,07/11/2012,Kellerman Jonathan,True detectives,ISSU
Ballyfermot Civic Centre Library Service,07/11/2012,La Plante Lynda,Deadly intent,ISSU
Ballyfermot Civic Centre Library Service,07/11/2012,Conder Michelle,Girl behind the scandalous reputation,ISSU
Ballyfermot Civic Centre Library Service,07/11/2012,Bianchin Helen,Alessandro's prize,ISSU
Ballyfermot Civic Centre Library Service,07/11/2012,Baird Jacqueline,Sabbides secret baby,ISSU
Ballyfermot Civic Centre Library Service,07/11/2012,Graham Lynne,Roccanti's marriage revenge,ISSU
Ballyfermot Civic Centre Library Service,07/11/2012,Child Maureen,Claiming her billion-dollar birthright,ISSU
Ballyfermot Civic Centre Library Service,07/11/2012,Gordon Lucy,Rescued by the brooding tycoon Fixed up with Mr ,ISSU
Ballyfermot Civic Centre Library Service,07/11/2012,Gardner Darlene,Time to forgive,ISSU
Ballyfermot Civic Centre Library Service,07/11/2012,Follett Ken,Winter of the world,ISSU
Ballyfermot Civic Centre Library Service,07/11/2012,Gale Iain,Jackals' revenge,ISSU
Ballyfermot Civic Centre Library Service,07/11/2012,Jackson Douglas,Avenger of Rome,ISSU
Ballyfermot Civic Centre Library Service,07/11/2012,Bauer Jon,Rocks in the belly,ISSU
Ballyfermot Civic Centre Library Service,07/11/2012,Binchy Maeve,Heart and soul,ISSU
Ballyfermot Civic Centre Library Service,07/11/2012,Conlon-McKenna Marita,Three women,ISSU
Ballyfermot Civic Centre Library Service,07/11/2012,Smith Wilbur,Sparrow falls,RENW
Ballyfermot Civic Centre Library Service,07/11/2012,Grisham John,Litigators,ISSU
Ballyfermot Civic Centre Library Service,07/11/2012,Patterson James,Private games,ISSU
Ballyfermot Civic Centre Library Service,07/11/2012,Coben Harlan,Live wire,ISSU
Ballyfermot Civic Centre Library Service,07/11/2012,Jackson Lisa,Afraid to die,RENW
Ballyfermot Civic Centre Library Service,07/11/2012,Jackson Lisa,Malice,RENW
Ballyfermot Civic Centre Library Service,07/11/2012,Hart John,Last child,ISSU
Ballyfermot Civic Centre Library Service,07/11/2012,Higgins Jack,Valhalla exchange,ISSU
Ballyfermot Civic Centre Library Service,07/11/2012,Robb J. D.,Celebrity in death,ISSU
Ballyfermot Civic Centre Library Service,07/11/2012,Higgins Jack,Valhalla exchange,RENW
Ballyfermot Civic Centre Library Service,07/11/2012,Robb J. D.,Celebrity in death,RENW
Ballyfermot Civic Centre Library Service,07/11/2012,Price Katie,Paradise,RENW
Ballyfermot Civic Centre Library Service,07/11/2012,Verdon John,Think of a number,ISSU
Ballyfermot Civic Centre Library Service,07/11/2012,Weir Alison,Dangerous inheritance,ISSU
Ballyfermot Civic Centre Library Service,07/11/2012,Hill Reginald,Woodcutter,ISSU
Ballyfermot Civic Centre Library Service,07/11/2012,Steel Danielle,Friends forever,ISSU
Ballyfermot Civic Centre Library Service,07/11/2012,Steel Danielle,44 Charles Street,ISSU
Ballyfermot Civic Centre Library Service,07/11/2012,Hall Patricia,By death divided,ISSU
Ballyfermot Civic Centre Library Service,07/11/2012,Li Yiyun,Vagrants,ISSU
Ballyfermot Civic Centre Library Service,07/11/2012,Slaughter Karin,Fractured,ISSU
Ballyfermot Civic Centre Library Service,08/11/2012,Martin Lee,Gangsters Wives,ISSU
Ballyfermot Civic Centre Library Service,08/11/2012,Mariani Scott,Lost relic,ISSU
Ballyfermot Civic Centre Library Service,08/11/2012,Michaels Fern,Tuesday's child,RENW
Ballyfermot Civic Centre Library Service,08/11/2012,Lippman Laura,Don't look back,ISSU
Ballyfermot Civic Centre Library Service,08/11/2012,Keyes Marian,Brightest star in the sky,ISSU
Ballyfermot Civic Centre Library Service,08/11/2012,Kavanagh Linda,Still waters,ISSU
Ballyfermot Civic Centre Library Service,08/11/2012,Keyes Marian,This charming man,ISSU
Ballyfermot Civic Centre Library Service,08/11/2012,Doyle Roddy,Bullfighting (stories),ISSU
Ballyfermot Civic Centre Library Service,08/11/2012,Drake Nick,Egypt the book of chaos,ISSU
Ballyfermot Civic Centre Library Service,08/11/2012,Dowling Clare,Too close for comfort,RENW
Ballyfermot Civic Centre Library Service,08/11/2012,Neville Stuart,Collusion,ISSU
Ballyfermot Civic Centre Library Service,09/11/2012,Robb J. D.,Indulgence in death,ISSU
Ballyfermot Civic Centre Library Service,09/11/2012,Gerritsen Tess,Last to die,ISSU
Ballyfermot Civic Centre Library Service,09/11/2012,Patterson James,Worst case,ISSU
Ballyfermot Civic Centre Library Service,09/11/2012,Crowe Alex,In the dead of night,RENW
Ballyfermot Civic Centre Library Service,09/11/2012,Moore Graham,Holmes affair,RENW
Ballyfermot Civic Centre Library Service,09/11/2012,Laukkanen Owen,Professionals,ISSU
Ballyfermot Civic Centre Library Service,09/11/2012,Nesser Hakan,Hour of the wolf,RENW
Ballyfermot Civic Centre Library Service,09/11/2012,Goodkind Terry,Law of nines,RENW
Ballyfermot Civic Centre Library Service,09/11/2012,Rose Karen,Count to ten,ISSU
Ballyfermot Civic Centre Library Service,09/11/2012,Parker Robert B.,Classic Robert B. Parker,ISSU
Ballyfermot Civic Centre Library Service,09/11/2012,Canavan Trudi,Traitor queen,ISSU
Ballyfermot Civic Centre Library Service,09/11/2012,Holt Anne,Fear not,ISSU
Ballyfermot Civic Centre Library Service,09/11/2012,Faye Lyndsay,Gods of Gotham,RENW
Ballyfermot Civic Centre Library Service,09/11/2012,Fox Kathryn,Blood born,RENW
Ballyfermot Civic Centre Library Service,09/11/2012,O'Connell Carol,Winter House,RENW
Ballyfermot Civic Centre Library Service,09/11/2012,Nesbo Jo,Redeemer,RENW
Ballyfermot Civic Centre Library Service,09/11/2012,Crichton Michael,Micro,RENW
Ballyfermot Civic Centre Library Service,09/11/2012,Gazan Sissel-Jo,Dinosaur feather,RENW
Ballyfermot Civic Centre Library Service,09/11/2012,Holdstock Robert,Avilion,RENW
Ballyfermot Civic Centre Library Service,09/11/2012,Barclay Alex,Blood loss,ISSU
Ballyfermot Civic Centre Library Service,09/11/2012,Laymon Richard,Beast house trilogy,RENW
Ballyfermot Civic Centre Library Service,09/11/2012,O'Brien Edna,Country girls,RENW
Ballyfermot Civic Centre Library Service,09/11/2012,Walsh Gabriel,Maggie's breakfast (a memoir),ISSU
Ballyfermot Civic Centre Library Service,09/11/2012,Roberts Nora,Art of deception,RENW
Ballyfermot Civic Centre Library Service,09/11/2012,Laurens Stephanie,Taste of innocence,RENW
Ballyfermot Civic Centre Library Service,09/11/2012,Hyland Tara,Daughters of fortune,ISSU
Ballyfermot Civic Centre Library Service,09/11/2012,Marklund Liza,Last will a novel,RENW
Ballyfermot Civic Centre Library Service,09/11/2012,Marklund Liza,Red wolf,RENW
Ballyfermot Civic Centre Library Service,10/11/2012,McDermid Val,Vanishing point,ISSU
Ballyfermot Civic Centre Library Service,10/11/2012,Mosby Steve,Black flowers,ISSU
Ballyfermot Civic Centre Library Service,10/11/2012,Mosby Steve,Dark room,ISSU
Ballyfermot Civic Centre Library Service,10/11/2012,Binns Stewart,Crusade,RENW
Ballyfermot Civic Centre Library Service,10/11/2012,Alten Steve,Mayan resurrection,RENW
Ballyfermot Civic Centre Library Service,10/11/2012,Dubus Andre,Garden of last days,RENW
Ballyfermot Civic Centre Library Service,10/11/2012,Binns Stewart,Conquest,RENW
Ballyfermot Civic Centre Library Service,10/11/2012,Joyce James,Dubliners,ISSU
Ballyfermot Civic Centre Library Service,10/11/2012,Bolton S. J.,Blood harvest,ISSU
Ballyfermot Civic Centre Library Service,10/11/2012,Black Sean,Gridlock,ISSU
Ballyfermot Civic Centre Library Service,10/11/2012,Box C. J.,Force of nature,ISSU
Ballyfermot Civic Centre Library Service,10/11/2012,Box C. J.,Back of beyond,ISSU
Ballyfermot Civic Centre Library Service,10/11/2012,Vlautin Willy,Lean on Pete a novel,ISSU
Ballyfermot Civic Centre Library Service,10/11/2012,Caddle Colette,Every time we say goodbye,ISSU
Ballyfermot Civic Centre Library Service,10/11/2012,Genova Lisa,Left neglected,RENW
Ballyfermot Civic Centre Library Service,10/11/2012,Littlewood Alison,Cold season,RENW
Ballyfermot Civic Centre Library Service,10/11/2012,Walker Sue,Burning,RENW
Ballyfermot Civic Centre Library Service,10/11/2012,Rollins James,Devil colony,ISSU
Ballyfermot Civic Centre Library Service,10/11/2012,Patterson James,Zoo,ISSU
Ballyfermot Civic Centre Library Service,10/11/2012,Shepherd Bob,Good jihadist,ISSU
Ballyfermot Civic Centre Library Service,10/11/2012,Woodhead Patrick,Secret chamber,ISSU
Ballyfermot Civic Centre Library Service,10/11/2012,Levene Louise,Vision of loveliness,RENW
Ballyfermot Civic Centre Library Service,10/11/2012,Shriver Lionel,So much for that,ISSU
Ballyfermot Civic Centre Library Service,10/11/2012,Cornwell Patricia D.,Red mist,ISSU
Ballyfermot Civic Centre Library Service,10/11/2012,Colfer Eoin,Plugged,ISSU
Ballyfermot Civic Centre Library Service,10/11/2012,Dunn Carola,Gone west,ISSU
Ballyfermot Civic Centre Library Service,10/11/2012,Dean Jason,Wrong man,ISSU
Ballyfermot Civic Centre Library Service,10/11/2012,Deaver Jeffery,Xo,ISSU
Ballyfermot Civic Centre Library Service,10/11/2012,Robb J. D.,Promises in death,ISSU
Ballyfermot Civic Centre Library Service,10/11/2012,Peterson Mark,Flesh and blood,ISSU
Ballyfermot Civic Centre Library Service,10/11/2012,Nesser Hakan,Mind's eye,ISSU
Ballyfermot Civic Centre Library Service,10/11/2012,La Plante Lynda,Silent scream,ISSU
Ballyfermot Civic Centre Library Service,10/11/2012,James Peter,Dead man's grip,ISSU
Ballyfermot Civic Centre Library Service,10/11/2012,Walsh Caspar,Blood road,RENW
Ballyfermot Civic Centre Library Service,10/11/2012,Ellis Kate,Jackal Man,ISSU
Ballyfermot Civic Centre Library Service,10/11/2012,Weaver Tim,Dead tracks,ISSU
Ballyfermot Civic Centre Library Service,10/11/2012,Silva Daniel,Fallen angel,ISSU
Ballyfermot Civic Centre Library Service,10/11/2012,Johnston Paul,Last red death,ISSU
Ballyfermot Civic Centre Library Service,10/11/2012,Trigiani Adriana,Queen of the big time,RENW
Ballyfermot Civic Centre Library Service,10/11/2012,T¢ib°n Colm,Brooklyn,ISSU
Ballyfermot Civic Centre Library Service,10/11/2012,Zweig Stefan,Post office girl,ISSU
Ballyfermot Civic Centre Library Service,10/11/2012,Smith Alexander McCall,Limpopo Academy of Private Detection,ISSU
Ballyfermot Civic Centre Library Service,10/11/2012,Kadare Ismail,Fall of the stone city,ISSU
Ballyfermot Civic Centre Library Service,10/11/2012,Archer Jeffrey,Sins of the father,RENW
Ballyfermot Civic Centre Library Service,10/11/2012,Barr Emily,Perfect lie,ISSU
Ballyfermot Civic Centre Library Service,10/11/2012,Gray Alex,Pound of flesh,ISSU
Ballyfermot Civic Centre Library Service,10/11/2012,Moore Cyrus,City of thieves,ISSU
Ballyfermot Civic Centre Library Service,10/11/2012,Patterson James,7th heaven,ISSU
Ballyfermot Civic Centre Library Service,10/11/2012,Penny Louise,Trick of the light,ISSU
Ballyfermot Civic Centre Library Service,10/11/2012,Jeffers Regina,Phantom of Pemberley a Pride and Prejudice murde,ISSU
Ballyfermot Civic Centre Library Service,10/11/2012,Fox Kathryn,Death mask,ISSU
Ballyfermot Civic Centre Library Service,10/11/2012,Forbes Elena,Die with me,ISSU
Ballyfermot Civic Centre Library Service,10/11/2012,Ahern Cecelia,Time of my life,ISSU
Ballyfermot Civic Centre Library Service,10/11/2012,Flynn Katie,Christmas wishes,ISSU
Ballyfermot Civic Centre Library Service,10/11/2012,Groves Annie,Across the Mersey,ISSU
Ballyfermot Civic Centre Library Service,10/11/2012,DeStefano Anna,Because of a boy,ISSU
Ballyfermot Civic Centre Library Service,10/11/2012,Knupp Amy,Doctor in her house,ISSU
Ballyfermot Civic Centre Library Service,10/11/2012,Clark Mary Higgins,I'll walk alone,RENW
Ballyfermot Civic Centre Library Service,10/11/2012,Ellis Kate,Playing with bones,RENW
Ballyfermot Civic Centre Library Service,10/11/2012,Connelly Michael,City of bones,ISSU
Ballyfermot Civic Centre Library Service,10/11/2012,Enger Thomas,Burned,ISSU
Ballyfermot Civic Centre Library Service,10/11/2012,Fairstein Linda,Night watch,ISSU
Ballyfermot Civic Centre Library Service,10/11/2012,Hilton Lisa,House with blue shutters,ISSU
Ballyfermot Civic Centre Library Service,10/11/2012,Parris S. J.,Sacrilege,ISSU
Ballyfermot Civic Centre Library Service,10/11/2012,Andersen Jessica,Storm kissed,ISSU
Ballyfermot Civic Centre Library Service,10/11/2012,Monroe Lucy,Royal brides,ISSU
Ballyfermot Civic Centre Library Service,10/11/2012,Lindsay Yvonne,Honour-bound groom Cinderella & the CEO,ISSU
Ballyfermot Civic Centre Library Service,12/11/2012,Barry Sebastian,Whereabouts of Eneas McNulty,ISSU
Ballyfermot Civic Centre Library Service,12/11/2012,James Reina,Old Joke,ISSU
Ballyfermot Civic Centre Library Service,12/11/2012,Bell Nina,Empty nesters,RENW
Ballyfermot Civic Centre Library Service,12/11/2012,Binchy Maeve,Minding Frankie,RENW
Ballyfermot Civic Centre Library Service,12/11/2012,North Freya,Rumours,RENW
Ballyfermot Civic Centre Library Service,12/11/2012,Goldstein Rebecca,36 arguments for the existence of God a work of ,RENW
Ballyfermot Civic Centre Library Service,12/11/2012,Rule Ann,Possession,ISSU
Ballyfermot Civic Centre Library Service,12/11/2012,Anderson Lin,Reborn,ISSU
Ballyfermot Civic Centre Library Service,12/11/2012,Atkinson Kate,"Started early, took my dog",ISSU
Ballyfermot Civic Centre Library Service,12/11/2012,Atkinson Kate,"Started early, took my dog",ISSU
Ballyfermot Civic Centre Library Service,12/11/2012,Rose Karen,Kill for me,ISSU
Ballyfermot Civic Centre Library Service,12/11/2012,Stark Oliver,88 killer,ISSU
Ballyfermot Civic Centre Library Service,12/11/2012,Grisham John,Ford County stories,ISSU
Ballyfermot Civic Centre Library Service,12/11/2012,Grafton Sue,V is for vengeance,ISSU
Ballyfermot Civic Centre Library Service,12/11/2012,Archer Jeffrey,Prisoner of birth,ISSU
Ballyfermot Civic Centre Library Service,12/11/2012,Howard Sandra,Ex-wives,RENW
Ballyfermot Civic Centre Library Service,12/11/2012,Candlish Louise,Other people's secrets,RENW
Ballyfermot Civic Centre Library Service,12/11/2012,Patterson James,"I, Alex Cross",RENW
Ballyfermot Civic Centre Library Service,12/11/2012,Barclay Linwood,Accident,ISSU
Ballyfermot Civic Centre Library Service,12/11/2012,Barclay Linwood,Never look away,ISSU
Ballyfermot Civic Centre Library Service,12/11/2012,Healy Dermot,Goat's song,ISSU
Ballyfermot Civic Centre Library Service,12/11/2012,McGregor Jon,If nobody speaks of remarkable things,ISSU
Ballyfermot Civic Centre Library Service,12/11/2012,Eugenides Jeffrey,Middlesex,ISSU
Ballyfermot Civic Centre Library Service,12/11/2012,Eugenides Jeffrey,Middlesex,ISSU
Ballyfermot Civic Centre Library Service,12/11/2012,Healy Dermot,Goat's song,ISSU
Ballyfermot Civic Centre Library Service,12/11/2012,McGregor Jon,If nobody speaks of remarkable things,ISSU
Ballyfermot Civic Centre Library Service,12/11/2012,Healy Dermot,Goat's song,ISSU
Ballyfermot Civic Centre Library Service,12/11/2012,Whipple Dorothy,Someone at a distance,ISSU
Ballyfermot Civic Centre Library Service,12/11/2012,Coelho Paulo,Veronika decides to die,RENW
Ballyfermot Civic Centre Library Service,12/11/2012,Bruen Ken,Headstone,ISSU
Ballyfermot Civic Centre Library Service,12/11/2012,Patterson James,"I, Michael Bennett",ISSU
Ballyfermot Civic Centre Library Service,12/11/2012,Archer Jeffrey,Paths of glory,ISSU
Ballyfermot Civic Centre Library Service,13/11/2012,Nichols Mary,Sir Ashley's mettlesome match,ISSU
Ballyfermot Civic Centre Library Service,13/11/2012,Ashford Lucy,Return of Lord Conistone,ISSU
Ballyfermot Civic Centre Library Service,13/11/2012,Wolf Joan,His lordship's desire,ISSU
Ballyfermot Civic Centre Library Service,13/11/2012,Lehane Dennis,"Darkness, take my hand",ISSU
Ballyfermot Civic Centre Library Service,13/11/2012,Pearce Roger,Agent of the state,ISSU
Ballyfermot Civic Centre Library Service,13/11/2012,Atkinson Kate,"Started early, took my dog",ISSU
Ballyfermot Civic Centre Library Service,13/11/2012,Atkinson Kate,"Started early, took my dog",ISSU
Ballyfermot Civic Centre Library Service,13/11/2012,Clay Heather,Losing Charlotte,RENW
Ballyfermot Civic Centre Library Service,13/11/2012,Rees Jo,Twist of fate,RENW
Ballyfermot Civic Centre Library Service,13/11/2012,Sparks Nicholas,Notebook,ISSU
Ballyfermot Civic Centre Library Service,13/11/2012,Beaton M. C.,Hiss and hers,ISSU
Ballyfermot Civic Centre Library Service,13/11/2012,Rivers Carol,Sister's shame,ISSU
Ballyfermot Civic Centre Library Service,13/11/2012,Oates Joyce Carol,Mudwoman,ISSU
Ballyfermot Civic Centre Library Service,13/11/2012,Mosse Kate,Citadel,ISSU
Ballyfermot Civic Centre Library Service,13/11/2012,Roberts Nora,"Calhouns Catherine, Amanda and Lilah",ISSU
Ballyfermot Civic Centre Library Service,13/11/2012,Huberman Amy,I wished for you,ISSU
Ballyfermot Civic Centre Library Service,13/11/2012,Marinelli Carol,Putting Alice back together,ISSU
Ballyfermot Civic Centre Library Service,13/11/2012,Colgan Jenny,Christmas at the Cupcake Cafe,ISSU
Ballyfermot Civic Centre Library Service,13/11/2012,Willett Marcia,Sea garden,ISSU
Ballyfermot Civic Centre Library Service,13/11/2012,French Dawn,Oh dear Silvia,ISSU
Ballyfermot Civic Centre Library Service,13/11/2012,Uris Leon,Exodus,RENW
Ballyfermot Civic Centre Library Service,13/11/2012,Eugenides Jeffrey,Middlesex,ISSU
Ballyfermot Civic Centre Library Service,13/11/2012,Moffat G. J.,Blindside,ISSU
Ballyfermot Civic Centre Library Service,13/11/2012,Marshall Michael,Killer move,ISSU
Ballyfermot Civic Centre Library Service,13/11/2012,Wilson Peter,Guns of  virtue,RENW
Ballyfermot Civic Centre Library Service,13/11/2012,Porter Alan C.,Legend lives on,RENW
Ballyfermot Civic Centre Library Service,13/11/2012,Long Elliot,Warpath,RENW
Ballyfermot Civic Centre Library Service,13/11/2012,McNulty Thomas,Trail of the burned man,RENW
Ballyfermot Civic Centre Library Service,13/11/2012,Ross Jake,Crack shot,RENW
Ballyfermot Civic Centre Library Service,13/11/2012,McGraw Joseph John,Fightback,ISSU
Ballyfermot Civic Centre Library Service,13/11/2012,Beacon Elizabeth,Most unladylike adventure,ISSU
Ballyfermot Civic Centre Library Service,13/11/2012,Roberts Nora,Last boyfriend,ISSU
Ballyfermot Civic Centre Library Service,13/11/2012,Patterson James,9th judgement,ISSU
Ballyfermot Civic Centre Library Service,13/11/2012,Patterson James,Cross country,ISSU
Ballyfermot Civic Centre Library Service,13/11/2012,Jackson Michelle,4 am in Las Vegas,RENW
Ballyfermot Civic Centre Library Service,13/11/2012,Hight Jack,Eagle book one of the Saladin trilogy,ISSU
Ballyfermot Civic Centre Library Service,13/11/2012,Hight Jack,Kingdom,ISSU
Ballyfermot Civic Centre Library Service,13/11/2012,O'Sullivan Mary,Time and tide,ISSU
Ballyfermot Civic Centre Library Service,13/11/2012,O'Sullivan Mary,Time and tide,ISSU
Ballyfermot Civic Centre Library Service,13/11/2012,Duffy Maria,Any dream will do,ISSU
Ballyfermot Civic Centre Library Service,13/11/2012,O'Brien Fiona,Without him,ISSU
Ballyfermot Civic Centre Library Service,13/11/2012,Conlon-McKenna Marita,Mother of the bride,ISSU
Ballyfermot Civic Centre Library Service,14/11/2012,Patterson James,When the wind blows,ISSU
Ballyfermot Civic Centre Library Service,14/11/2012,Patterson James,Along came a spider,ISSU
Ballyfermot Civic Centre Library Service,14/11/2012,DeWitt Patrick,Sisters brothers,ISSU
Ballyfermot Civic Centre Library Service,14/11/2012,deWitt Patrick,Sisters brothers,ISSU
Ballyfermot Civic Centre Library Service,14/11/2012,DeWitt Patrick,Sisters brothers,ISSU
Ballyfermot Civic Centre Library Service,14/11/2012,DeWitt Patrick,Sisters brothers,ISSU
Ballyfermot Civic Centre Library Service,14/11/2012,DeWitt Patrick,Sisters brothers,ISSU
Ballyfermot Civic Centre Library Service,14/11/2012,DeWitt Patrick,Sisters brothers,ISSU
Ballyfermot Civic Centre Library Service,14/11/2012,Leonard Elmore,Djibouti,RENW
Ballyfermot Civic Centre Library Service,14/11/2012,Kelman Stephen,Pigeon English,ISSU
Ballyfermot Civic Centre Library Service,14/11/2012,Larsson Stieg,Girl who played with fire,ISSU
Ballyfermot Civic Centre Library Service,14/11/2012,Coetzee J. M.,Scenes from provincial life,ISSU
Ballyfermot Civic Centre Library Service,14/11/2012, ,New Dubliners,ISSU
Ballyfermot Civic Centre Library Service,14/11/2012,Sharpe Tom,Wilt inheritance,ISSU
Ballyfermot Civic Centre Library Service,14/11/2012,Smith Alexander McCall,Saturday big tent wedding party,ISSU
Ballyfermot Civic Centre Library Service,14/11/2012,Eugenides Jeffrey,Middlesex,ISSU
Ballyfermot Civic Centre Library Service,14/11/2012,Willett Marcia,Forgotten laughter,ISSU
Ballyfermot Civic Centre Library Service,14/11/2012,Steel Danielle,Sins of the mother,ISSU
Ballyfermot Civic Centre Library Service,15/11/2012,Montanari Richard,Killing room,RENW
Ballyfermot Civic Centre Library Service,15/11/2012,Patterson James,Kill me if you can,RENW
Ballyfermot Civic Centre Library Service,15/11/2012,Connelly Michael,Scarecrow,RENW
Ballyfermot Civic Centre Library Service,15/11/2012,La Plante Lynda,Entwined,RENW
Ballyfermot Civic Centre Library Service,15/11/2012,Forsyth Frederick,Cobra,RENW
Ballyfermot Civic Centre Library Service,15/11/2012,Boyd Noah,Last chance to die,RENW
Ballyfermot Civic Centre Library Service,15/11/2012,O'Brien Edna,Saints and sinners,ISSU
Ballyfermot Civic Centre Library Service,15/11/2012,Matthews Carole,Only way is up,ISSU
Ballyfermot Civic Centre Library Service,15/11/2012,Marshall Michael,Intruders,ISSU
Ballyfermot Civic Centre Library Service,15/11/2012,Bass Jefferson,Bone yard,ISSU
Ballyfermot Civic Centre Library Service,15/11/2012,Koontz Dean R.,Odd apocalypse,RENW
Ballyfermot Civic Centre Library Service,15/11/2012,Morton Kate,Forgotten garden,ISSU
Ballyfermot Civic Centre Library Service,15/11/2012,Connolly John,Unquiet,ISSU
Ballyfermot Civic Centre Library Service,15/11/2012,Atkinson Kate,"Started early, took my dog",ISSU
Ballyfermot Civic Centre Library Service,15/11/2012,Atkinson Kate,"Started early, took my dog",ISSU
Ballyfermot Civic Centre Library Service,15/11/2012,Atkinson Kate,"Started early, took my dog",ISSU
Ballyfermot Civic Centre Library Service,15/11/2012,Vernon Roland,Good wife's castle,ISSU
Ballyfermot Civic Centre Library Service,15/11/2012,Martin Lee,Lipstick killers,ISSU
Ballyfermot Civic Centre Library Service,15/11/2012,Slaughter Karin,Criminal,ISSU
Ballyfermot Civic Centre Library Service,15/11/2012,Robinson Peter,Strange affair,ISSU
Ballyfermot Civic Centre Library Service,15/11/2012,Cain Tom,Carver,ISSU
Ballyfermot Civic Centre Library Service,15/11/2012,Vidal Bill,Aztec,ISSU
Ballyfermot Civic Centre Library Service,16/11/2012,Fossum Karin,Black seconds,RENW
Ballyfermot Civic Centre Library Service,16/11/2012,Fossum Karin,Don't look back,RENW
Ballyfermot Civic Centre Library Service,16/11/2012,Fossum Karin,Water's edge,RENW
Ballyfermot Civic Centre Library Service,16/11/2012,Fossum Karin,He who fears the wolf,RENW
Ballyfermot Civic Centre Library Service,16/11/2012,Fossum Karin,Calling out for you,RENW
Ballyfermot Civic Centre Library Service,16/11/2012,Page Lynda,Perfect Christmas,ISSU
Ballyfermot Civic Centre Library Service,16/11/2012,Page Lynda,Price to pay,ISSU
Ballyfermot Civic Centre Library Service,16/11/2012,Cornick Nicola,Mistress by midnight,RENW
Ballyfermot Civic Centre Library Service,16/11/2012,Cordy Michael,Colour of death,RENW
Ballyfermot Civic Centre Library Service,16/11/2012,Cooper N. J.,Face of the devil,RENW
Ballyfermot Civic Centre Library Service,16/11/2012,Banks Maya,Tycoon's rebel bride,ISSU
Ballyfermot Civic Centre Library Service,16/11/2012,Morgan Raye,"Crown prince, pregnant bride!",ISSU
Ballyfermot Civic Centre Library Service,16/11/2012,Iding Laura,Knight for Nurse Hart,ISSU
Ballyfermot Civic Centre Library Service,16/11/2012,Carmichael C. J.,Star-crossed parents,ISSU
Ballyfermot Civic Centre Library Service,16/11/2012,Cain Tom,Dictator,ISSU
Ballyfermot Civic Centre Library Service,16/11/2012,Freeman Brian,Spilled blood,ISSU
Ballyfermot Civic Centre Library Service,16/11/2012,Sheffield Jack,Village teacher the alternative school logbook 1,RENW
Ballyfermot Civic Centre Library Service,16/11/2012,Sussman Paul,Hidden oasis,ISSU
Ballyfermot Civic Centre Library Service,16/11/2012,Smith Tom Rob,Agent 6,ISSU
Ballyfermot Civic Centre Library Service,16/11/2012,Sussman Paul,Labyrinth of Osiris,ISSU
Ballyfermot Civic Centre Library Service,17/11/2012,Cole Martina,Life,ISSU
Ballyfermot Civic Centre Library Service,17/11/2012,Thorpe Adam,Flight,RENW
Ballyfermot Civic Centre Library Service,17/11/2012,Heatherington Emma,All over again,RENW
Ballyfermot Civic Centre Library Service,17/11/2012,Brooks Kevin,Dance of ghosts,ISSU
Ballyfermot Civic Centre Library Service,17/11/2012,Barr Emily,First wife,ISSU
Ballyfermot Civic Centre Library Service,17/11/2012,Parks Adele,About last night,ISSU
Ballyfermot Civic Centre Library Service,17/11/2012,Joyce James,Dubliners,RENW
Ballyfermot Civic Centre Library Service,17/11/2012,Hermann Judith,Alice,ISSU
Ballyfermot Civic Centre Library Service,17/11/2012,Vigan Delphine de,Underground time,ISSU
Ballyfermot Civic Centre Library Service,17/11/2012,Palma FÇlix J.,Map of time,ISSU
Ballyfermot Civic Centre Library Service,17/11/2012,Birch Carol,Jamrach's menagerie,ISSU
Ballyfermot Civic Centre Library Service,17/11/2012,Edwardon Ake,Sail of stone,ISSU
Ballyfermot Civic Centre Library Service,17/11/2012,Williams Amanda Kyle,Stranger you see,ISSU
Ballyfermot Civic Centre Library Service,17/11/2012,Lennox Judith,Turning point,ISSU
Ballyfermot Civic Centre Library Service,17/11/2012,Grisham John,Theodore Boone,ISSU
Ballyfermot Civic Centre Library Service,17/11/2012,Hill Susan,Woman in black,ISSU
Ballyfermot Civic Centre Library Service,17/11/2012,Hill Susan,Vows of silence,ISSU
Ballyfermot Civic Centre Library Service,17/11/2012,Miller Andrew,Pure,ISSU
Ballyfermot Civic Centre Library Service,17/11/2012,Shapiro Elena Mauli,"13, rue ThÇräse a novel",ISSU
Ballyfermot Civic Centre Library Service,17/11/2012,Swift Graham,Wish you were here,ISSU
Ballyfermot Civic Centre Library Service,17/11/2012,Penney Stef,Invisible ones,ISSU
Ballyfermot Civic Centre Library Service,17/11/2012,Obreht TÇa,Tiger's wife,ISSU
Ballyfermot Civic Centre Library Service,17/11/2012,James P. D.,Death comes to Pemberley,ISSU
Ballyfermot Civic Centre Library Service,17/11/2012,Jacobsen Roy,Child wonder,ISSU
Ballyfermot Civic Centre Library Service,17/11/2012,Hustvedt Siri,Summer without men,ISSU
Ballyfermot Civic Centre Library Service,17/11/2012,Boyne John,Absolutist,ISSU
Ballyfermot Civic Centre Library Service,17/11/2012,Lodge David,Man of parts,ISSU
Ballyfermot Civic Centre Library Service,17/11/2012,Brown Sandra,Low pressure,RENW
Ballyfermot Civic Centre Library Service,17/11/2012,Higgins Jack,Devil is waiting,ISSU
Ballyfermot Civic Centre Library Service,17/11/2012,Bauer Belinda,Finders keepers,ISSU
Ballyfermot Civic Centre Library Service,17/11/2012,NÇmirovsky Iräne,Misunderstanding,ISSU
Ballyfermot Civic Centre Library Service,17/11/2012,Donoghue Emma,Astray (stories),ISSU
Ballyfermot Civic Centre Library Service,17/11/2012,Keane Jessie,Make,ISSU
Ballyfermot Civic Centre Library Service,17/11/2012,Keane Jessie,Playing dead,ISSU
Ballyfermot Civic Centre Library Service,17/11/2012,O'Flanagan Sheila,Season to remember,ISSU
Ballyfermot Civic Centre Library Service,17/11/2012,Read,Christmas at Thrush Green,ISSU
Ballyfermot Civic Centre Library Service,17/11/2012,Lette Kathy,Nip 'n' tuck,RENW
Ballyfermot Civic Centre Library Service,17/11/2012,Finnerty Caroline,In a moment,RENW
Ballyfermot Civic Centre Library Service,17/11/2012,Price Katie,Santa baby,RENW
Ballyfermot Civic Centre Library Service,17/11/2012,Wiggs Susan,Dockside at Willow Lake,RENW
Ballyfermot Civic Centre Library Service,17/11/2012,Coffey Carol,Penance room,ISSU
Ballyfermot Civic Centre Library Service,17/11/2012,Elliot Laura,Prodigal sister,ISSU
Ballyfermot Civic Centre Library Service,17/11/2012,Moyes Jojo,Girl you left behind,ISSU
Ballyfermot Civic Centre Library Service,17/11/2012,Jackson Michelle,5 Peppermint Grove,ISSU
Ballyfermot Civic Centre Library Service,17/11/2012,Silva Daniel,Portrait of a spy,ISSU
Ballyfermot Civic Centre Library Service,17/11/2012,Grenville Kate,Sarah Thornhill,ISSU
Ballyfermot Civic Centre Library Service,17/11/2012,Steel Danielle,Betrayal,ISSU
Ballyfermot Civic Centre Library Service,17/11/2012,Colfer Eoin,Plugged,ISSU
Ballyfermot Civic Centre Library Service,17/11/2012,O'Connell Carol,Chalk girl,ISSU
Ballyfermot Civic Centre Library Service,17/11/2012,Hoffman Jilliane,Cutting room,ISSU
Ballyfermot Civic Centre Library Service,17/11/2012,Dean Jason,Wrong man,ISSU
Ballyfermot Civic Centre Library Service,17/11/2012,Roberts Nora,Hazy summer nights,RENW
Ballyfermot Civic Centre Library Service,17/11/2012,Connelly Michael,Drop,RENW
Ballyfermot Civic Centre Library Service,17/11/2012,Patterson James,Christmas wedding,ISSU
Ballyfermot Civic Centre Library Service,19/11/2012,O'Connor A.,House,RENW
Ballyfermot Civic Centre Library Service,19/11/2012,McCarthy Mary,After the rain,RENW
Ballyfermot Civic Centre Library Service,19/11/2012,Yates Maisey,Inherited bride,ISSU
Ballyfermot Civic Centre Library Service,19/11/2012,Shaw Chantelle,Behind the Castello doors,ISSU
Ballyfermot Civic Centre Library Service,19/11/2012,Palmer Diana,Heart of stone,ISSU
Ballyfermot Civic Centre Library Service,19/11/2012,Green Jane,Love verb,ISSU
Ballyfermot Civic Centre Library Service,19/11/2012,Barr Emily,Stranded,ISSU
Ballyfermot Civic Centre Library Service,19/11/2012,Macomber Debbie,Manning brides,RENW
Ballyfermot Civic Centre Library Service,19/11/2012,Trollope Joanna,Other family,RENW
Ballyfermot Civic Centre Library Service,19/11/2012,Roberts Nora,Black Hills,RENW
Ballyfermot Civic Centre Library Service,19/11/2012,Conlon-McKenna Marita,Promised land,RENW
Ballyfermot Civic Centre Library Service,19/11/2012,Kerrigan Kate,City of hope,RENW
Ballyfermot Civic Centre Library Service,19/11/2012,Roberts Nora,Born in shame,RENW
Ballyfermot Civic Centre Library Service,19/11/2012,Woulfe Nuala,Two to tango,RENW
Ballyfermot Civic Centre Library Service,19/11/2012,Miller Zoe,Family scandal,RENW
Ballyfermot Civic Centre Library Service,19/11/2012,Hall M. R.,Coroner,ISSU
Ballyfermot Civic Centre Library Service,19/11/2012,Hughes Declan,City of lost girls,ISSU
Ballyfermot Civic Centre Library Service,19/11/2012,Barton Beverly,Beg to die,ISSU
Ballyfermot Civic Centre Library Service,19/11/2012,Link Charlotte,Other child,ISSU
Ballyfermot Civic Centre Library Service,19/11/2012,Hall M. R.,Disappeared,ISSU
Ballyfermot Civic Centre Library Service,19/11/2012,Robertson Craig,Snapshot,ISSU
Ballyfermot Civic Centre Library Service,19/11/2012,Robertson Craig,Cold grave,ISSU
Ballyfermot Civic Centre Library Service,19/11/2012,Atkinson Kate,"Started early, took my dog",ISSU
Ballyfermot Civic Centre Library Service,19/11/2012,Atkinson Kate,"Started early, took my dog",ISSU
Ballyfermot Civic Centre Library Service,19/11/2012,Ondaatje Michael,Cat's table,ISSU
Ballyfermot Civic Centre Library Service,19/11/2012,Rose Karen,You can't hide,ISSU
Ballyfermot Civic Centre Library Service,19/11/2012,Lief Katia,Hide and seek,ISSU
Ballyfermot Civic Centre Library Service,19/11/2012,Barton Beverly,Time of death,ISSU
Ballyfermot Civic Centre Library Service,19/11/2012,Barton Beverly,If looks could kill,ISSU
Ballyfermot Civic Centre Library Service,19/11/2012,Singh Nalini,Archangel's storm,ISSU
Ballyfermot Civic Centre Library Service,19/11/2012,Johnson Denis,Nobody move,ISSU
Ballyfermot Civic Centre Library Service,19/11/2012,Johnston Jennifer,Shadowstory,ISSU
Ballyfermot Civic Centre Library Service,19/11/2012,Barry Sebastian,Whereabouts of Eneas McNulty,ISSU
Ballyfermot Civic Centre Library Service,19/11/2012,Barry Sebastian,Secret scripture,ISSU
Ballyfermot Civic Centre Library Service,19/11/2012,Grisham John,Confession,ISSU
Ballyfermot Civic Centre Library Service,19/11/2012,Haddon Mark,Red house,ISSU
Ballyfermot Civic Centre Library Service,19/11/2012,Hayder Mo,Gone,ISSU
Ballyfermot Civic Centre Library Service,19/11/2012,Reid Carmen,New York Valentine,ISSU
Ballyfermot Civic Centre Library Service,19/11/2012,Baldacci David,Stone cold,ISSU
Ballyfermot Civic Centre Library Service,19/11/2012,Fforde Katie,Perfect proposal,ISSU
Ballyfermot Civic Centre Library Service,19/11/2012,Morrow Bradford,Diviner's tale,ISSU
Ballyfermot Civic Centre Library Service,19/11/2012,Ahern Cecelia,Place called here,ISSU
Ballyfermot Civic Centre Library Service,19/11/2012,Lewis Susan,No child of mine,ISSU
Ballyfermot Civic Centre Library Service,19/11/2012,Burke Declan,Slaughter's hound,RENW
Ballyfermot Civic Centre Library Service,19/11/2012,Carey Peter,Chemistry of tears,RENW
Ballyfermot Civic Centre Library Service,19/11/2012,Murphy Joe,Dead dogs,ISSU
Ballyfermot Civic Centre Library Service,20/11/2012,Evanovich Janet,Explosive eighteen,ISSU
Ballyfermot Civic Centre Library Service,20/11/2012,Evanovich Janet,Smokin' seventeen,ISSU
Ballyfermot Civic Centre Library Service,20/11/2012,Bolton S. J.,Now you see me,ISSU
Ballyfermot Civic Centre Library Service,20/11/2012,Clancy Tom,Locked on,ISSU
Ballyfermot Civic Centre Library Service,20/11/2012,McGregor Jon,Even the dogs,ISSU
Ballyfermot Civic Centre Library Service,20/11/2012,Beaton M. C.,Death of a witch,ISSU
Ballyfermot Civic Centre Library Service,20/11/2012,Unsworth Cathi,Bad penny blues,ISSU
Ballyfermot Civic Centre Library Service,20/11/2012,Andrews Lyn,Maggie May,RENW
Ballyfermot Civic Centre Library Service,20/11/2012,McCarthy Ellen,Silent Crossing,RENW
Ballyfermot Civic Centre Library Service,20/11/2012,Lehane Dennis,"Darkness, take my hand",RENW
Ballyfermot Civic Centre Library Service,20/11/2012,Goddard Robert,Painting the darkness,ISSU
Ballyfermot Civic Centre Library Service,20/11/2012,Cleave Chris,Gold,ISSU
Ballyfermot Civic Centre Library Service,20/11/2012,Wood Benjamin,Bellwether revivals,ISSU
Ballyfermot Civic Centre Library Service,20/11/2012,Caddle Colette,Every time we say goodbye,RENW
Ballyfermot Civic Centre Library Service,20/11/2012,Littlewood Alison,Cold season,RENW
Ballyfermot Civic Centre Library Service,20/11/2012,North Freya,Chances,ISSU
Ballyfermot Civic Centre Library Service,20/11/2012,Horowitz Anthony,House of silk,ISSU
Ballyfermot Civic Centre Library Service,20/11/2012,Gerritsen Tess,Girl missing,ISSU
Ballyfermot Civic Centre Library Service,20/11/2012,Gardiner Meg,Nightmare thief,ISSU
Ballyfermot Civic Centre Library Service,20/11/2012,Hannigan Emma,Pink Ladies Club,ISSU
Ballyfermot Civic Centre Library Service,20/11/2012,Blake Jennifer,Triumph in arms,ISSU
Ballyfermot Civic Centre Library Service,20/11/2012,Roberts Alison,Night before Christmas Once a good girl,ISSU
Ballyfermot Civic Centre Library Service,20/11/2012,Morgan Alexis,Vampire vendetta,ISSU
Ballyfermot Civic Centre Library Service,20/11/2012,Leon Donna,Jewels of paradise,ISSU
Ballyfermot Civic Centre Library Service,20/11/2012,Leon Donna,Jewels of paradise,RENW
Ballyfermot Civic Centre Library Service,20/11/2012,Lewis Susan,Lost innocence,ISSU
Ballyfermot Civic Centre Library Service,20/11/2012,Hannah Sophie,Kind of cruel,ISSU
Ballyfermot Civic Centre Library Service,20/11/2012,Skomsvold Kjersti A.,"Faster I walk, the smaller I am",ISSU
Ballyfermot Civic Centre Library Service,20/11/2012,Cole Martina,Two women,ISSU
Ballyfermot Civic Centre Library Service,21/11/2012,Fellowes Julian,Snobs,ISSU
Ballyfermot Civic Centre Library Service,21/11/2012,Winship Tom,Opposite of mercy,ISSU
Ballyfermot Civic Centre Library Service,21/11/2012,Howard Paul,Triggs the autobiography of Roy Keane's dog,ISSU
Ballyfermot Civic Centre Library Service,21/11/2012,Dolan Harry,Bad things happen,RENW
Ballyfermot Civic Centre Library Service,21/11/2012,Donohue Keith,Angels of destruction,RENW
Ballyfermot Civic Centre Library Service,21/11/2012,Flood Liam,No margin for error,ISSU
Ballyfermot Civic Centre Library Service,21/11/2012,Finder Joseph,Buried secrets,ISSU
Ballyfermot Civic Centre Library Service,21/11/2012,Cornwell Patricia D.,Red mist,ISSU
Ballyfermot Civic Centre Library Service,21/11/2012,Patterson James,Toys,ISSU
Ballyfermot Civic Centre Library Service,21/11/2012,Rosnay Tatiana de,House I loved,RENW
Ballyfermot Civic Centre Library Service,21/11/2012,Cooper Matt,How Ireland really went bust,ISSU
Ballyfermot Civic Centre Library Service,21/11/2012,Slaughter Karin,Fallen,ISSU
Ballyfermot Civic Centre Library Service,21/11/2012,Fossum Karin,Water's edge,RENW
Ballyfermot Civic Centre Library Service,21/11/2012,Fossum Karin,Black seconds,RENW
Ballyfermot Civic Centre Library Service,21/11/2012,Fossum Karin,Don't look back,RENW
Ballyfermot Civic Centre Library Service,21/11/2012,Fossum Karin,He who fears the wolf,RENW
Ballyfermot Civic Centre Library Service,21/11/2012,Cole Martina,Life,ISSU
Ballyfermot Civic Centre Library Service,21/11/2012,Cronin Justin,Passage,ISSU
Ballyfermot Civic Centre Library Service,21/11/2012,Danielewski Mark Z.,Mark Z. Danielewski's house of leaves by Zampano,ISSU
Ballyfermot Civic Centre Library Service,21/11/2012,O'Carroll Brendan,Chisellers,RENW
Ballyfermot Civic Centre Library Service,21/11/2012,Kelly Cathy,Christmas magic (short stories),ISSU
Ballyfermot Civic Centre Library Service,21/11/2012,Abbott Megan,End of everything,ISSU
Ballyfermot Civic Centre Library Service,21/11/2012,O'Flanagan Sheila,Better together,ISSU
Ballyfermot Civic Centre Library Service,21/11/2012,Moriarty SinÇad,This child of mine,ISSU
Ballyfermot Civic Centre Library Service,22/11/2012,Scanlan Patricia,Coming home,ISSU
Ballyfermot Civic Centre Library Service,22/11/2012,Roberts Nora,Savour the moment,ISSU
Ballyfermot Civic Centre Library Service,22/11/2012,Child Lee,Worth dying for,ISSU
Ballyfermot Civic Centre Library Service,22/11/2012,Baldacci David,First family,ISSU
Ballyfermot Civic Centre Library Service,22/11/2012,De Rosnay Tatiana,Secret kept,ISSU
Ballyfermot Civic Centre Library Service,22/11/2012,Donoghue Emma,Room a novel,ISSU
Ballyfermot Civic Centre Library Service,22/11/2012,McCann Colum,Zoli,ISSU
Ballyfermot Civic Centre Library Service,22/11/2012,Stachniak Eva,Winter palace,ISSU
Ballyfermot Civic Centre Library Service,22/11/2012,Patterson James,Private games,ISSU
Ballyfermot Civic Centre Library Service,22/11/2012,Patterson James,"I, Michael Bennett",ISSU
Ballyfermot Civic Centre Library Service,22/11/2012,Gerritsen Tess,Silent girl,ISSU
Ballyfermot Civic Centre Library Service,22/11/2012,Macomber Debbie,Falling for Christmas,ISSU
Ballyfermot Civic Centre Library Service,22/11/2012,Taylor Cally,Home for Christmas,ISSU
Ballyfermot Civic Centre Library Service,22/11/2012,Amory Cleveland,Cat who came for Christmas,ISSU
Ballyfermot Civic Centre Library Service,22/11/2012,Chamberlain Diane,Lost daughter,RENW
Ballyfermot Civic Centre Library Service,22/11/2012,Collins Jackie,Power trip,ISSU
Ballyfermot Civic Centre Library Service,22/11/2012,Cole Martina,Life,ISSU
Ballyfermot Civic Centre Library Service,22/11/2012,Trevor William,Love and summer,RENW
Ballyfermot Civic Centre Library Service,22/11/2012,Du Maurier Daphne,Rebecca,RENW
Ballyfermot Civic Centre Library Service,22/11/2012,Panter-Downes Mollie,Good evening Mrs Craven the wartime stories of M,ISSU
Ballyfermot Civic Centre Library Service,22/11/2012,Cleeves Ann,Glass room,ISSU
Ballyfermot Civic Centre Library Service,22/11/2012,Frazier Charles,Nightwoods,ISSU
Ballyfermot Civic Centre Library Service,22/11/2012,Dickens Charles,Great expectations,ISSU
Ballyfermot Civic Centre Library Service,22/11/2012,Fox Kathryn,Cold grave,ISSU
Ballyfermot Civic Centre Library Service,22/11/2012,Patterson James,Christmas wedding,RENW
Ballyfermot Civic Centre Library Service,22/11/2012,Falco Ed,Family Corleone,ISSU
Ballyfermot Civic Centre Library Service,22/11/2012,Tezza Cristovao,Eternal Son,ISSU
Ballyfermot Civic Centre Library Service,22/11/2012,Ohlsson Kristina,Unwanted,ISSU
Ballyfermot Civic Centre Library Service,22/11/2012,Moriarty SinÇad,Keeping it in the family (also published as: Who,ISSU
Ballyfermot Civic Centre Library Service,22/11/2012,Morrall Clare,Roundabout man,ISSU
Ballyfermot Civic Centre Library Service,22/11/2012,Maitland Karen,Gallows curse,ISSU
Ballyfermot Civic Centre Library Service,23/11/2012,Mariani Scott,Shadow project,ISSU
Ballyfermot Civic Centre Library Service,23/11/2012,Van Lustbader Eric,Robert Ludlum's The Bourne imperative a new Jaso,ISSU
Ballyfermot Civic Centre Library Service,23/11/2012,Mankell Henning,Dogs of Riga,ISSU
Ballyfermot Civic Centre Library Service,23/11/2012,Berenson Alex,Secret soldier,ISSU
Ballyfermot Civic Centre Library Service,23/11/2012,Baldacci David,Hell's corner,ISSU
Ballyfermot Civic Centre Library Service,23/11/2012,Baldacci David,Saving Faith,ISSU
Ballyfermot Civic Centre Library Service,23/11/2012,Patterson James,Toys,ISSU
Ballyfermot Civic Centre Library Service,23/11/2012,Patterson James,You've been warned,ISSU
Ballyfermot Civic Centre Library Service,23/11/2012,Markham Q. R.,Assassin of secrets,ISSU
Ballyfermot Civic Centre Library Service,23/11/2012,Vincent Rachel,Blood bound,ISSU
Ballyfermot Civic Centre Library Service,23/11/2012,Verdon John,Think of a number,ISSU
Ballyfermot Civic Centre Library Service,23/11/2012,Marks Howard,Sympathy for the devil,ISSU
Ballyfermot Civic Centre Library Service,23/11/2012,Stacy Judith,Widow's little secret,ISSU
Ballyfermot Civic Centre Library Service,23/11/2012,Justiss Julia,Proper wife,ISSU
Ballyfermot Civic Centre Library Service,23/11/2012,Francis June,"Pirate's daughter, rebel wife",ISSU
Ballyfermot Civic Centre Library Service,23/11/2012,Singh Nalini,Archangel's storm,ISSU
Ballyfermot Civic Centre Library Service,23/11/2012,King Laurie R.,Beekeeper's apprentice,ISSU
Ballyfermot Civic Centre Library Service,23/11/2012,Starling Belinda,Journal of Dora Damage,ISSU
Ballyfermot Civic Centre Library Service,23/11/2012,Grisham John,Litigators,ISSU
Ballyfermot Civic Centre Library Service,23/11/2012,Boyne John,Thief of time,ISSU
Ballyfermot Civic Centre Library Service,23/11/2012,Atwood Margaret,Cat's eye,ISSU
Ballyfermot Civic Centre Library Service,23/11/2012,O'Neill Joan,House full of women,ISSU
Ballyfermot Civic Centre Library Service,24/11/2012,Brown Dale,Time for patriots,ISSU
Ballyfermot Civic Centre Library Service,24/11/2012,Becker James,Messiah secret,ISSU
Ballyfermot Civic Centre Library Service,24/11/2012,Baldacci David,Deliver us from evil,ISSU
Ballyfermot Civic Centre Library Service,24/11/2012,Arnold Michael,Devil's charge,ISSU
Ballyfermot Civic Centre Library Service,24/11/2012,Drake John,Skull and bones,ISSU
Ballyfermot Civic Centre Library Service,24/11/2012,Sigurdardottir Yrsa,I remember you,ISSU
Ballyfermot Civic Centre Library Service,24/11/2012,Locke John,Lethal people,ISSU
Ballyfermot Civic Centre Library Service,24/11/2012,Orford Margie,Blood rose,ISSU
Ballyfermot Civic Centre Library Service,24/11/2012,Ramsay Danielle,Broken silence,ISSU
Ballyfermot Civic Centre Library Service,24/11/2012,Robb J. D.,Suite 606 (four all-new stories of paranormal de,ISSU
Ballyfermot Civic Centre Library Service,24/11/2012,Parry Bronwyn,Dark country,ISSU
Ballyfermot Civic Centre Library Service,24/11/2012,Mosse Kate,Winter ghosts,ISSU
Ballyfermot Civic Centre Library Service,24/11/2012,Mosley Walter,When the thrill is gone,ISSU
Ballyfermot Civic Centre Library Service,24/11/2012,Shepherd Lynn,Tom-All-Alone's,ISSU
Ballyfermot Civic Centre Library Service,24/11/2012,Diffenbaugh Vanessa,Language of flowers,ISSU
Ballyfermot Civic Centre Library Service,24/11/2012,Patterson James,Zoo,ISSU
Ballyfermot Civic Centre Library Service,24/11/2012,Archer Jeffrey,Only time will tell,RENW
Ballyfermot Civic Centre Library Service,24/11/2012,Kava Alex,Damaged,ISSU
Ballyfermot Civic Centre Library Service,24/11/2012,Rollins James,Devil colony,ISSU
Ballyfermot Civic Centre Library Service,24/11/2012,Gordon Howard,Chamber,ISSU
Ballyfermot Civic Centre Library Service,24/11/2012,Kellerman Jonathan,Victims,ISSU
Ballyfermot Civic Centre Library Service,24/11/2012,Gimenez Mark,Perk,ISSU
Ballyfermot Civic Centre Library Service,24/11/2012,Roberts Alison,Night before Christmas Once a good girl,RENW
Ballyfermot Civic Centre Library Service,24/11/2012,T¢ib°n Colm,Brooklyn,RENW
Ballyfermot Civic Centre Library Service,24/11/2012,Zweig Stefan,Post office girl,RENW
Ballyfermot Civic Centre Library Service,24/11/2012,Jones Sadie,Outcast,ISSU
Ballyfermot Civic Centre Library Service,24/11/2012, ,Mistress for a week-end,ISSU
Ballyfermot Civic Centre Library Service,24/11/2012, ,In the boss's arms,ISSU
Ballyfermot Civic Centre Library Service,24/11/2012,Gerristen Tess,Bloodstream,ISSU
Ballyfermot Civic Centre Library Service,24/11/2012,Kenyon Sherrilyn,Guardian,ISSU
Ballyfermot Civic Centre Library Service,26/11/2012,Barclay Alex,Time of death,ISSU
Ballyfermot Civic Centre Library Service,26/11/2012,Boyd William,Ordinary thunderstorms,ISSU
Ballyfermot Civic Centre Library Service,26/11/2012,Sawyer Robert J.,Triggers,ISSU
Ballyfermot Civic Centre Library Service,26/11/2012,Connolly John,Burning soul,ISSU
Ballyfermot Civic Centre Library Service,26/11/2012,Leon Donna,Drawing conclusions,ISSU
Ballyfermot Civic Centre Library Service,26/11/2012,Leon Donna,Girl of his dreams,ISSU
Ballyfermot Civic Centre Library Service,26/11/2012,Kirkman Robert,Walking dead the road to Woodbury,ISSU
Ballyfermot Civic Centre Library Service,26/11/2012,Patterson James,NYPD Red,ISSU
Ballyfermot Civic Centre Library Service,26/11/2012,DeMille Nelson,Panther,ISSU
Ballyfermot Civic Centre Library Service,26/11/2012,Trollope Joanna,Soldier's wife,ISSU
Ballyfermot Civic Centre Library Service,26/11/2012,Robb J. D.,Glory in death,ISSU
Ballyfermot Civic Centre Library Service,26/11/2012,Roberts Nora,Hazy summer nights,ISSU
Ballyfermot Civic Centre Library Service,26/11/2012,Robb J. D.,New York to Dallas,ISSU
Ballyfermot Civic Centre Library Service,26/11/2012,Benoåt Michel,Thirteenth apostle,ISSU
Ballyfermot Civic Centre Library Service,26/11/2012,Coughlin Jack,Dead shot,ISSU
Ballyfermot Civic Centre Library Service,26/11/2012,Grisham John,Calico Joe,ISSU
Ballyfermot Civic Centre Library Service,26/11/2012,Grisham John,Playing for pizza,ISSU
Ballyfermot Civic Centre Library Service,26/11/2012,Grisham John,Theodore Boone,ISSU
Ballyfermot Civic Centre Library Service,26/11/2012,Bondurant Matt,Lawless,ISSU
Ballyfermot Civic Centre Library Service,26/11/2012,Hollinghurst Alan,Stranger's child,ISSU
Ballyfermot Civic Centre Library Service,26/11/2012,Jordan Hillary,When she woke,ISSU
Ballyfermot Civic Centre Library Service,26/11/2012,Morgenstern Erin,Night circus,ISSU
Ballyfermot Civic Centre Library Service,26/11/2012,Donoghue Emma,Astray (stories),RENW
Ballyfermot Civic Centre Library Service,26/11/2012,Bauer Belinda,Finders keepers,RENW
Ballyfermot Civic Centre Library Service,26/11/2012,Lehane Dennis,Live by night,ISSU
Ballyfermot Civic Centre Library Service,26/11/2012,Nesbõ Jo,Headhunters,ISSU
Ballyfermot Civic Centre Library Service,26/11/2012,Falconer Duncan,Traitor,ISSU
Ballyfermot Civic Centre Library Service,26/11/2012,Coben Harlan,Play dead,ISSU
Ballyfermot Civic Centre Library Service,26/11/2012,Green Jane,Patchwork marriage,ISSU
Ballyfermot Civic Centre Library Service,26/11/2012,Haddon Mark,Spot of bother,ISSU
Ballyfermot Civic Centre Library Service,26/11/2012,McGrath M. J.,Boy in the snow,ISSU
Ballyfermot Civic Centre Library Service,26/11/2012,Mayle Peter,Vintage caper,ISSU
Ballyfermot Civic Centre Library Service,26/11/2012,Genova Lisa,Left neglected,ISSU
Ballyfermot Civic Centre Library Service,26/11/2012,Box C. J.,Trophy hunt,ISSU
Ballyfermot Civic Centre Library Service,26/11/2012,Geraghty Ciara,Finding Mr. Flood,ISSU
Ballyfermot Civic Centre Library Service,26/11/2012,Nesbo Jo,Redbreast,ISSU
Ballyfermot Civic Centre Library Service,27/11/2012,Keyes Marian,This charming man,RENW
Ballyfermot Civic Centre Library Service,27/11/2012,Michaels Fern,Tuesday's child,RENW
Ballyfermot Civic Centre Library Service,27/11/2012,Lippman Laura,Don't look back,RENW
Ballyfermot Civic Centre Library Service,27/11/2012,Keyes Marian,Brightest star in the sky,RENW
Ballyfermot Civic Centre Library Service,27/11/2012,Kavanagh Linda,Still waters,RENW
Ballyfermot Civic Centre Library Service,27/11/2012,Wood Benjamin,Bellwether revivals,RENW
Ballyfermot Civic Centre Library Service,27/11/2012,Dobbs Michael,Old enemies,ISSU
Ballyfermot Civic Centre Library Service,27/11/2012,McEwan Ian,Solar,ISSU
Ballyfermot Civic Centre Library Service,27/11/2012,McNeill Fergus,Eye contact,ISSU
Ballyfermot Civic Centre Library Service,27/11/2012,Diffenbaugh Vanessa,Language of flowers,ISSU
Ballyfermot Civic Centre Library Service,27/11/2012,Goddard Robert,Painting the darkness,ISSU
Ballyfermot Civic Centre Library Service,27/11/2012,Boyne John,Absolutist,ISSU
Ballyfermot Civic Centre Library Service,27/11/2012,Kerrigan Gene,Rage,ISSU
Ballyfermot Civic Centre Library Service,27/11/2012,Marwood Alex,Wicked girls,RENW
Ballyfermot Civic Centre Library Service,27/11/2012,Smith Susan Arnout,Timer game,RENW
Ballyfermot Civic Centre Library Service,27/11/2012,Shriver Lionel,So much for that,RENW
Ballyfermot Civic Centre Library Service,27/11/2012,Seymour Gerald,Outsiders,ISSU
Ballyfermot Civic Centre Library Service,27/11/2012,Mosby Steve,Dark room,RENW
Ballyfermot Civic Centre Library Service,27/11/2012,Bugler Suzanne,Child inside,ISSU
Ballyfermot Civic Centre Library Service,27/11/2012,Smith Wilbur,Those in peril,ISSU
Ballyfermot Civic Centre Library Service,27/11/2012,Slaughter Karin,Fractured,ISSU
Ballyfermot Civic Centre Library Service,27/11/2012,Slaughter Karin,Broken,ISSU
Ballyfermot Civic Centre Library Service,27/11/2012,Box C. J.,Force of nature,ISSU
Ballyfermot Civic Centre Library Service,27/11/2012,Beckett Simon,Calling of the grave,ISSU
Ballyfermot Civic Centre Library Service,27/11/2012,Bateman Colin,Day of the Jack Russell,ISSU
Ballyfermot Civic Centre Library Service,27/11/2012,Raye Kimberly,Body to die for,ISSU
Ballyfermot Civic Centre Library Service,27/11/2012,McKay Emily,Affair with the rebel heiress,ISSU
Ballyfermot Civic Centre Library Service,27/11/2012,Kenyon Sherrilyn,Sins of the night,ISSU
Ballyfermot Civic Centre Library Service,27/11/2012,Jones Belinda,Winter wonderland,ISSU
Ballyfermot Civic Centre Library Service,27/11/2012,Swan Karen,Perfect present,ISSU
Ballyfermot Civic Centre Library Service,27/11/2012,Siger Jeffrey,Assassins of Athens,ISSU
Ballyfermot Civic Centre Library Service,27/11/2012,Siger Jeffrey,Aegean prophecy,ISSU
Ballyfermot Civic Centre Library Service,27/11/2012,Meyer Deon,7 days,ISSU
Ballyfermot Civic Centre Library Service,27/11/2012,Picoult Jodi,Lone wolf,ISSU
Ballyfermot Civic Centre Library Service,27/11/2012,Rankin Ian,Impossible dead,ISSU
Ballyfermot Civic Centre Library Service,27/11/2012,Mankell Henning,Shadow girls,ISSU
Ballyfermot Civic Centre Library Service,27/11/2012,Francis Felix,Bloodline   Dick Francis novel,ISSU
Ballyfermot Civic Centre Library Service,27/11/2012,Kellerman Jesse,I'll catch you,ISSU
Ballyfermot Civic Centre Library Service,27/11/2012,Herbert James,Ash,ISSU
Ballyfermot Civic Centre Library Service,27/11/2012,Ahern Cecelia,One hundred names,ISSU
Ballyfermot Civic Centre Library Service,28/11/2012,James Sophia,One illicit night,ISSU
Ballyfermot Civic Centre Library Service,28/11/2012,Hale Deborah,"Wanted, mail-order mistress",ISSU
Ballyfermot Civic Centre Library Service,28/11/2012,Balogh Mary,Simply perfect,ISSU
Ballyfermot Civic Centre Library Service,28/11/2012,Le CarrÇ John,Most wanted man,ISSU
Ballyfermot Civic Centre Library Service,28/11/2012,Bennett Robert Jackson,Company man,ISSU
Ballyfermot Civic Centre Library Service,28/11/2012,Coes Ben,Coup d'Çtat,ISSU
Ballyfermot Civic Centre Library Service,28/11/2012,Patterson James,Worst case,ISSU
Ballyfermot Civic Centre Library Service,28/11/2012,Hart John,Iron house,ISSU
Ballyfermot Civic Centre Library Service,28/11/2012,Glynn Alan,Winterland,ISSU
Ballyfermot Civic Centre Library Service,28/11/2012,Willett Marcia,Sea garden,RENW
Ballyfermot Civic Centre Library Service,28/11/2012,Clay Heather,Losing Charlotte,RENW
Ballyfermot Civic Centre Library Service,28/11/2012,French Nicci,Tuesday's gone,ISSU
Ballyfermot Civic Centre Library Service,28/11/2012,Canavan Trudi,Traitor queen,RENW
Ballyfermot Civic Centre Library Service,28/11/2012,Skomsvold Kjersti A.,"Faster I walk, the smaller I am",ISSU
Ballyfermot Civic Centre Library Service,28/11/2012,Easter Patrick,Watermen,ISSU
Ballyfermot Civic Centre Library Service,28/11/2012,Drake Nick,Egypt the book of chaos,ISSU
Ballyfermot Civic Centre Library Service,28/11/2012,Charlton Blake,Spellwright,ISSU
Ballyfermot Civic Centre Library Service,28/11/2012,Andersen Jessica,Storm kissed,ISSU
Ballyfermot Civic Centre Library Service,28/11/2012,Burdett John,Godfather of Kathmandu,ISSU
Ballyfermot Civic Centre Library Service,28/11/2012,Connelly Michael,Scarecrow,ISSU
Ballyfermot Civic Centre Library Service,28/11/2012,Roberts Nora,Witness,ISSU
Ballyfermot Civic Centre Library Service,28/11/2012,Roberts Nora,Taming Natasha,ISSU
Ballyfermot Civic Centre Library Service,28/11/2012,Wood Tom,Hunter,ISSU
Ballyfermot Civic Centre Library Service,28/11/2012,Simmons Dan,Flashback,ISSU
Ballyfermot Civic Centre Library Service,28/11/2012,Spindler Erica,Blood vines,ISSU
Ballyfermot Civic Centre Library Service,28/11/2012,Slaughter Karin,Genesis,ISSU
Ballyfermot Civic Centre Library Service,28/11/2012,Stockett Kathryn,Help,ISSU
Ballyfermot Civic Centre Library Service,28/11/2012,Walters Alex,Trust no one,ISSU
Ballyfermot Civic Centre Library Service,28/11/2012,Stockett Kathryn,Help,ISSU
Ballyfermot Civic Centre Library Service,28/11/2012,Ward J. R.,Rapture,ISSU
Ballyfermot Civic Centre Library Service,28/11/2012,Charlton Blake,Spellbound,ISSU
Ballyfermot Civic Centre Library Service,28/11/2012,Enger Thomas,Burned,RENW
Ballyfermot Civic Centre Library Service,28/11/2012,Connelly Michael,City of bones,RENW
Ballyfermot Civic Centre Library Service,28/11/2012,Pelecanos George,Way home,ISSU
Ballyfermot Civic Centre Library Service,28/11/2012,Weaver Tim,Vanished,ISSU
Ballyfermot Civic Centre Library Service,28/11/2012,Hannah Sophie,Other half lives,ISSU
Ballyfermot Civic Centre Library Service,28/11/2012,Rose Karen,Count to ten,ISSU
Ballyfermot Civic Centre Library Service,28/11/2012,Rose Karen,I'm watching you,ISSU
Ballyfermot Civic Centre Library Service,28/11/2012,Rose Karen,I can see you,ISSU
Ballyfermot Civic Centre Library Service,28/11/2012,Rose Karen,Scream for me,ISSU
Ballyfermot Civic Centre Library Service,28/11/2012,Slaughter Karin,Criminal,RENW
Ballyfermot Civic Centre Library Service,28/11/2012,Vernon Roland,Good wife's castle,RENW
Ballyfermot Civic Centre Library Service,28/11/2012,Martin Lee,Lipstick killers,RENW
Ballyfermot Civic Centre Library Service,28/11/2012,Cole Martina,Life,ISSU
Ballyfermot Civic Centre Library Service,28/11/2012,Vincent Rachel,My soul to take,RENW
Ballyfermot Civic Centre Library Service,28/11/2012,Smith Wilbur,Sparrow falls,RENW
Ballyfermot Civic Centre Library Service,29/11/2012,Knupp Amy,Doctor in her house,RENW
Ballyfermot Civic Centre Library Service,29/11/2012,DeStefano Anna,Because of a boy,RENW
Ballyfermot Civic Centre Library Service,29/11/2012,Crowley Elaine,Waves upon the shore,ISSU
Ballyfermot Civic Centre Library Service,29/11/2012,Clark Mary Higgins,Just take my heart,ISSU
Ballyfermot Civic Centre Library Service,29/11/2012,Radley Tessa,Apollonides mistress scandal,ISSU
Ballyfermot Civic Centre Library Service,29/11/2012,Banks Leanne,Billionaire's marriage bargain,ISSU
Ballyfermot Civic Centre Library Service,29/11/2012,Stephens Susan,"Ruthless boss, dream baby",ISSU
Ballyfermot Civic Centre Library Service,29/11/2012,Stephens Susan,Argentinian's solace,ISSU
Ballyfermot Civic Centre Library Service,29/11/2012,Lovelace Merline,Danger in the desert The sheikh's lost princess,ISSU
Ballyfermot Civic Centre Library Service,29/11/2012,Milburne Melanie,Wedding charade,ISSU
Ballyfermot Civic Centre Library Service,29/11/2012,Blake Ally,Steamy surrender,ISSU
Ballyfermot Civic Centre Library Service,29/11/2012,Lynn Matt,Ice force,ISSU
Ballyfermot Civic Centre Library Service,29/11/2012,Patterson James,Kill Alex Cross,ISSU
Ballyfermot Civic Centre Library Service,29/11/2012,Penny Louise,Trick of the light,RENW
Ballyfermot Civic Centre Library Service,29/11/2012,Jeffers Regina,Phantom of Pemberley a Pride and Prejudice murde,RENW
Ballyfermot Civic Centre Library Service,29/11/2012,Patterson James,7th heaven,RENW
Ballyfermot Civic Centre Library Service,29/11/2012,Moore Cyrus,City of thieves,RENW
Ballyfermot Civic Centre Library Service,29/11/2012,Jurjevics Juris,Red flags,RENW
Ballyfermot Civic Centre Library Service,29/11/2012,Yalom Irvin D.,Spinoza problem,RENW
Ballyfermot Civic Centre Library Service,29/11/2012,Martin George R. R.,Game of thrones,RENW
Ballyfermot Civic Centre Library Service,29/11/2012,Elliot Laura,Prodigal sister,RENW
Ballyfermot Civic Centre Library Service,29/11/2012,Hannigan Emma,Keeping mum,ISSU
Ballyfermot Civic Centre Library Service,29/11/2012,Coben Harlan,Stay close,RENW
Ballyfermot Civic Centre Library Service,29/11/2012,Child Lee,Gone tomorrow,ISSU
Ballyfermot Civic Centre Library Service,29/11/2012,Child Lee,Nothing to lose,ISSU
Ballyfermot Civic Centre Library Service,29/11/2012,Vida Vendela,Lovers,ISSU
Ballyfermot Civic Centre Library Service,29/11/2012,Barr Emily,Backpack,RENW
Ballyfermot Civic Centre Library Service,29/11/2012,Miller Zoe,Rival passions,RENW
Ballyfermot Civic Centre Library Service,29/11/2012,Trevor William,Ballroom of Romance and other stories,RENW
Ballyfermot Civic Centre Library Service,29/11/2012,O'Brien Edna,Country girls trilogy and epilogue,RENW
Ballyfermot Civic Centre Library Service,30/11/2012,Black Benjamin,Vengeance,ISSU
Ballyfermot Civic Centre Library Service,30/11/2012,Waters Sarah,Little stranger,ISSU
Ballyfermot Civic Centre Library Service,30/11/2012,Webb Sarah,The Shoestring Club,ISSU
Ballyfermot Civic Centre Library Service,30/11/2012,Barr Emily,Perfect lie,RENW
Ballyfermot Civic Centre Library Service,30/11/2012,Pearse Lesley,Camellia,ISSU
Ballyfermot Civic Centre Library Service,30/11/2012,O'Sullivan Mary,Under the rainbow,ISSU
Ballyfermot Civic Centre Library Service,30/11/2012,Cain Tom,Dictator,ISSU
Ballyfermot Civic Centre Library Service,30/11/2012,Johnston Paul,Crying blue murder,ISSU
Ballyfermot Civic Centre Library Service,30/11/2012,Boyne John,House of special purpose,ISSU
Ballyfermot Civic Centre Library Service,30/11/2012, ,Mystery writers of America presents the blue rel,ISSU
Ballyfermot Civic Centre Library Service,30/11/2012,Keyes Marian,Watermelon,ISSU
Ballyfermot Civic Centre Library Service,30/11/2012,O'Brien Edna,Country girls,RENW
Ballyfermot Civic Centre Library Service,30/11/2012,Cole Martina,Life,RENW
Ballyfermot Civic Centre Library Service,30/11/2012,Danielewski Mark Z.,Mark Z. Danielewski's house of leaves by Zampano,RENW
Ballyfermot Civic Centre Library Service,30/11/2012,Cronin Justin,Passage,RENW
Ballyfermot Civic Centre Library Service,30/11/2012,Ross Dana Fuller,Wagons West Independence!,ISSU
Ballyfermot Civic Centre Library Service,30/11/2012,Marks Howard,Sympathy for the devil,RENW
Ballyfermot Civic Centre Library Service,30/11/2012,Flynn Katie,Christmas wishes,RENW
Ballyfermot Civic Centre Library Service,30/11/2012,Fossum Karin,Black seconds,RENW
Ballyfermot Civic Centre Library Service,30/11/2012,Fossum Karin,Don't look back,RENW
Ballyfermot Civic Centre Library Service,30/11/2012,Roberts Nora,Hazy summer nights,RENW
Ballyfermot Civic Centre Library Service,30/11/2012,Robb J. D.,New York to Dallas,RENW
Ballyfermot Civic Centre Library Service,30/11/2012,Robb J. D.,Glory in death,RENW
Ballyfermot Civic Centre Library Service,30/11/2012,Keane Jessie,Dirty game,ISSU
Ballyfermot Civic Centre Library Service,30/11/2012,Keane Jessie,Black widow,ISSU
Ballyfermot Civic Centre Library Service,30/11/2012,James Erica,Real Katie Lavender,ISSU
Ballyfermot Civic Centre Library Service,30/11/2012,Ryan Robert,Signal red,ISSU
Ballyfermot Civic Centre Library Service,30/11/2012,Smith Wilbur,Sparrow falls,RENW
Ballyfermot Civic Centre Library Service,30/11/2012,Ivey Eowyn,Snow child,ISSU
Ballyfermot Civic Centre Library Service,30/11/2012,Williams Kate,Pleasures of men,ISSU
